{"3":{"x":45.6964538,"y":9.6686629},"2":{"x":45.696926,"y":9.6690978},"6":{"x":45.6975549,"y":9.6667936},"7":{"x":45.7008704,"y":9.6655066},"5":{"x":45.7029905,"y":9.6720559},"0":{"x":45.7032898,"y":9.6775359}}
